{
  "shadowClasses": {
    "Invoker": {
      "description": "Mystical spellcasters with high magical power",
      "baseStats": {
        "powerMultiplier": 1.2,
        "defenseMultiplier": 0.8,
        "speedMultiplier": 1.0
      },
      "preferredElements": ["Dark", "Light", "Chaos"],
      "aiPersonality": "strategic"
    },
    "Warrior": {
      "description": "Fierce combatants with balanced stats",
      "baseStats": {
        "powerMultiplier": 1.1,
        "defenseMultiplier": 1.1,
        "speedMultiplier": 0.9
      },
      "preferredElements": ["Fire", "Tech"],
      "aiPersonality": "aggressive"
    },
    "Assassin": {
      "description": "Fast and deadly, low defense but high speed",
      "baseStats": {
        "powerMultiplier": 1.0,
        "defenseMultiplier": 0.7,
        "speedMultiplier": 1.4
      },
      "preferredElements": ["Dark", "Chaos"],
      "aiPersonality": "cunning"
    },
    "Guardian": {
      "description": "Defensive specialists with high HP and defense",
      "baseStats": {
        "powerMultiplier": 0.9,
        "defenseMultiplier": 1.4,
        "speedMultiplier": 0.8
      },
      "preferredElements": ["Light", "Tech"],
      "aiPersonality": "defensive"
    },
    "Berserker": {
      "description": "Wild fighters with extreme power but low defense",
      "baseStats": {
        "powerMultiplier": 1.5,
        "defenseMultiplier": 0.6,
        "speedMultiplier": 1.1
      },
      "preferredElements": ["Fire", "Chaos"],
      "aiPersonality": "berserker"
    },
    "Technomancer": {
      "description": "Tech-savvy combatants with analytical abilities",
      "baseStats": {
        "powerMultiplier": 1.1,
        "defenseMultiplier": 1.0,
        "speedMultiplier": 1.2
      },
      "preferredElements": ["Tech", "Light"],
      "aiPersonality": "tactical"
    }
  },
  "elements": {
    "Dark": {
      "color": "#6600cc",
      "strengths": ["Light"],
      "weaknesses": ["Tech"],
      "description": "Shadow and void energy"
    },
    "Light": {
      "color": "#ffff00",
      "strengths": ["Dark", "Chaos"],
      "weaknesses": ["Tech"],
      "description": "Pure radiant energy"
    },
    "Fire": {
      "color": "#ff3300",
      "strengths": ["Tech"],
      "weaknesses": ["Water"],
      "description": "Burning flames and heat"
    },
    "Water": {
      "color": "#0066ff",
      "strengths": ["Fire"],
      "weaknesses": ["Tech"],
      "description": "Flowing water and ice"
    },
    "Tech": {
      "color": "#00ffff",
      "strengths": ["Dark", "Light", "Water"],
      "weaknesses": ["Fire"],
      "description": "Cyber technology and electricity"
    },
    "Chaos": {
      "color": "#ff0066",
      "strengths": ["All"],
      "weaknesses": ["Light"],
      "description": "Unpredictable chaotic energy"
    }
  },
  "affinities": {
    "Chaos": {
      "description": "Masters of unpredictable power",
      "bonuses": {
        "chaosElementBonus": 0.2,
        "criticalChanceBonus": 0.1,
        "randomEffectChance": 0.15
      },
      "color": "#ff0066"
    },
    "Light": {
      "description": "Wielders of pure energy",
      "bonuses": {
        "lightElementBonus": 0.15,
        "healingBonus": 0.25,
        "defenseBonus": 0.1
      },
      "color": "#ffff00"
    },
    "Tech": {
      "description": "Masters of cyber technology",
      "bonuses": {
        "techElementBonus": 0.15,
        "speedBonus": 0.2,
        "accuracyBonus": 0.15
      },
      "color": "#00ffff"
    },
    "Fire": {
      "description": "Controllers of burning flames",
      "bonuses": {
        "fireElementBonus": 0.15,
        "powerBonus": 0.15,
        "burnChance": 0.2
      },
      "color": "#ff3300"
    }
  },
  "rarities": {
    "Common": {
      "statMultiplier": 1.0,
      "color": "#888888",
      "dropRate": 0.6,
      "baseValue": 100
    },
    "Rare": {
      "statMultiplier": 1.2,
      "color": "#0088ff",
      "dropRate": 0.25,
      "baseValue": 300
    },
    "Epic": {
      "statMultiplier": 1.5,
      "color": "#8800ff",
      "dropRate": 0.12,
      "baseValue": 800
    },
    "Legendary": {
      "statMultiplier": 2.0,
      "color": "#ff8800",
      "dropRate": 0.03,
      "baseValue": 2000
    }
  },
  "battleSettings": {
    "maxShadowsPerTeam": 3,
    "turnTimeLimit": 30000,
    "affinityMatchBonus": 0.15,
    "criticalHitChance": 0.15,
    "criticalHitMultiplier": 1.5,
    "elementalEffectivenessMultiplier": 1.5,
    "speedTiebreaker": "random"
  },
  "aiSettings": {
    "providers": ["openai", "claude", "gemini", "local"],
    "fallbackTimeout": 5000,
    "cacheEnabled": true,
    "cacheTTL": 300000,
    "temperatureRange": {
      "min": 0.1,
      "max": 0.8
    }
  },
  "visualEffects": {
    "summonDuration": 1500,
    "attackDuration": 1000,
    "damageDuration": 800,
    "deathDuration": 2000,
    "screenShakeIntensity": 8,
    "flashDuration": 150
  },
  "audioSettings": {
    "battleMusicVolume": 0.4,
    "sfxVolume": 0.6,
    "voiceVolume": 0.5,
    "masterVolume": 0.8
  }
}
